"schema_name","table_name","index_name","index_type","is_unique","is_primary_key","is_unique_constraint","key_ordinal","column_name","is_descending_key","is_included_column"
"dbo","admin","PK_Admin","CLUSTERED","True","True","False","1","id","False","False"
"dbo","appeal_list","PK_appeal_list","CLUSTERED","True","True","False","1","id","False","False"
"dbo","appealimg_list","IX_appealimg_list","NONCLUSTERED","True","False","True","1","upload_pic_info","False","False"
"dbo","Author","IX_Author_CurrentInstitution","NONCLUSTERED","False","False","False","0","current_institution_name","False","True"
"dbo","Author","IX_Author_CurrentInstitution","NONCLUSTERED","False","False","False","1","current_institution_literature_id","False","False"
"dbo","Author","IX_Author_CurrentInstitution","NONCLUSTERED","False","False","False","2","current_institution_sort_date","True","False"
"dbo","Author","IX_Author_NameCn","NONCLUSTERED","False","False","False","1","name_cn","False","False"
"dbo","Author","PK_Author","CLUSTERED","True","True","False","1","id","False","False"
"dbo","AuthorInstitutionHistory","IX_AuthorInstitutionHistory_author","NONCLUSTERED","False","False","False","1","author_id","False","False"
"dbo","AuthorInstitutionHistory","IX_AuthorInstitutionHistory_author","NONCLUSTERED","False","False","False","2","status","False","False"
"dbo","AuthorInstitutionHistory","IX_AuthorInstitutionHistory_author","NONCLUSTERED","False","False","False","3","is_current","False","False"
"dbo","AuthorInstitutionHistory","IX_AuthorInstitutionHistory_literature","NONCLUSTERED","False","False","False","1","source_literature_id","False","False"
"dbo","AuthorInstitutionHistory","IX_AuthorInstitutionHistory_literature","NONCLUSTERED","False","False","False","2","author_id","False","False"
"dbo","AuthorInstitutionHistory","PK__AuthorIn__3213E83F0E896976","CLUSTERED","True","True","False","1","id","False","False"
"dbo","Conference","PK__Conferen__3213E83F89ECFE70","CLUSTERED","True","True","False","1","id","False","False"
"dbo","Conference","UX_Conference_normalized","NONCLUSTERED","True","False","False","1","normalized_name","False","False"
"dbo","cosfile_list","IX_cosfile_list_up_filename","NONCLUSTERED","False","False","False","1","up_filename","False","False"
"dbo","data_list","PK_data_list","CLUSTERED","True","True","False","1","id","False","False"
"dbo","indexsingle_list","PK_indexsingle_list","CLUSTERED","True","True","False","1","id","False","False"
"dbo","Institution","IX_Institution_ParentId","NONCLUSTERED","False","False","False","1","parent_id","False","False"
"dbo","Institution","PK__Institut__3213E83F9A7246E8","CLUSTERED","True","True","False","1","id","False","False"
"dbo","Institution","UX_Institution_normalized","NONCLUSTERED","True","False","False","1","normalized_name","False","False"
"dbo","InstitutionAlias","IX_InstitutionAlias_normalized","NONCLUSTERED","False","False","False","1","normalized_alias","False","False"
"dbo","InstitutionAlias","IX_InstitutionAlias_normalized","NONCLUSTERED","False","False","False","2","status","False","False"
"dbo","InstitutionAlias","PK__Institut__3213E83F4251A7F9","CLUSTERED","True","True","False","1","id","False","False"
"dbo","integrate_list","PK_integrate_list","CLUSTERED","True","True","False","1","id","False","False"
"dbo","integrateExchangeLog_list","IX_integrateExchangeLog_list","NONCLUSTERED","True","False","True","1","codestr","False","False"
"dbo","integrateExchangeLog_list","IX_integrateExchangeLog_list_UserStatus","NONCLUSTERED","False","False","False","1","user_id","False","False"
"dbo","integrateExchangeLog_list","IX_integrateExchangeLog_list_UserStatus","NONCLUSTERED","False","False","False","2","status","False","False"
"dbo","integrateExchangeLog_list","IX_integrateExchangeLog_list_UserStatus","NONCLUSTERED","False","False","False","3","addtime","True","False"
"dbo","integrateExchangeLog_list","PK_integrateExchangeLog_list","CLUSTERED","True","True","False","1","id","False","False"
"dbo","integrateLog_list","IX_integrateLog_list_Literature","NONCLUSTERED","False","False","False","1","literature_id","False","False"
"dbo","integrateLog_list","IX_integrateLog_list_Literature","NONCLUSTERED","False","False","False","2","addtime","True","False"
"dbo","integrateLog_list","IX_integrateLog_list_UserAddtime","NONCLUSTERED","False","False","False","1","user_id","False","False"
"dbo","integrateLog_list","IX_integrateLog_list_UserAddtime","NONCLUSTERED","False","False","False","2","addtime","True","False"
"dbo","integrateLog_list","PK_integrateLog_list","CLUSTERED","True","True","False","1","id","False","False"
"dbo","integrateLogType_list","PK_integrateLogType_list","CLUSTERED","True","True","False","1","id","False","False"
"dbo","integrateLogType_list","UX_integrateLogType_list_name","NONCLUSTERED","True","False","False","1","name","False","False"
"dbo","integratestatus_list","PK_integratestatus_list","CLUSTERED","True","True","False","1","id","False","False"
"dbo","integratestatus_list","UX_integratestatus_list_name","NONCLUSTERED","True","False","False","1","name","False","False"
"dbo","Journal","PK__Journal__3213E83FF46C92B1","CLUSTERED","True","True","False","1","id","False","False"
"dbo","Journal","UX_Journal_normalized","NONCLUSTERED","True","False","False","1","normalized_name","False","False"
"dbo","Literature","IX_Literature_Canonical","NONCLUSTERED","False","False","False","1","canonical_literature_id","False","False"
"dbo","Literature","IX_Literature_Canonical","NONCLUSTERED","False","False","False","2","status","False","False"
"dbo","Literature","IX_Literature_Canonical","NONCLUSTERED","False","False","False","3","category_id","False","False"
"dbo","Literature","IX_Literature_Canonical","NONCLUSTERED","False","False","False","4","publish_year","False","False"
"dbo","Literature","IX_Literature_Doi","NONCLUSTERED","False","False","False","1","doi","False","False"
"dbo","Literature","IX_Literature_ImportBatch","NONCLUSTERED","False","False","False","1","import_batch_id","False","False"
"dbo","Literature","IX_Literature_PublishDate","NONCLUSTERED","False","False","False","1","publish_date","True","False"
"dbo","Literature","IX_Literature_PublishDate","NONCLUSTERED","False","False","False","2","publish_year","True","False"
"dbo","Literature","IX_Literature_PublishDate","NONCLUSTERED","False","False","False","3","id","True","False"
"dbo","Literature","IX_Literature_Review","NONCLUSTERED","False","False","False","1","reviewed_by","False","False"
"dbo","Literature","IX_Literature_Review","NONCLUSTERED","False","False","False","2","review_time","False","False"
"dbo","Literature","IX_Literature_StatusCategoryAddtime","NONCLUSTERED","False","False","False","0","title","False","True"
"dbo","Literature","IX_Literature_StatusCategoryAddtime","NONCLUSTERED","False","False","False","0","publish_year","False","True"
"dbo","Literature","IX_Literature_StatusCategoryAddtime","NONCLUSTERED","False","False","False","0","source_type","False","True"
"dbo","Literature","IX_Literature_StatusCategoryAddtime","NONCLUSTERED","False","False","False","0","is_top","False","True"
"dbo","Literature","IX_Literature_StatusCategoryAddtime","NONCLUSTERED","False","False","False","1","status","False","False"
"dbo","Literature","IX_Literature_StatusCategoryAddtime","NONCLUSTERED","False","False","False","2","category_id","False","False"
"dbo","Literature","IX_Literature_StatusCategoryAddtime","NONCLUSTERED","False","False","False","3","addtime","False","False"
"dbo","Literature","IX_Literature_StatusPublishYear","NONCLUSTERED","False","False","False","1","status","False","False"
"dbo","Literature","IX_Literature_StatusPublishYear","NONCLUSTERED","False","False","False","2","publish_year","False","False"
"dbo","Literature","PK_Literature","CLUSTERED","True","True","False","1","id","False","False"
"dbo","LiteratureAuthorInstitutionMap","IX_LitAuthorInstitution_AuthorLiterature","NONCLUSTERED","False","False","False","0","institution_id","False","True"
"dbo","LiteratureAuthorInstitutionMap","IX_LitAuthorInstitution_AuthorLiterature","NONCLUSTERED","False","False","False","0","affiliation_text","False","True"
"dbo","LiteratureAuthorInstitutionMap","IX_LitAuthorInstitution_AuthorLiterature","NONCLUSTERED","False","False","False","0","is_current_for_author","False","True"
"dbo","LiteratureAuthorInstitutionMap","IX_LitAuthorInstitution_AuthorLiterature","NONCLUSTERED","False","False","False","1","author_id","False","False"
"dbo","LiteratureAuthorInstitutionMap","IX_LitAuthorInstitution_AuthorLiterature","NONCLUSTERED","False","False","False","2","literature_id","False","False"
"dbo","LiteratureAuthorInstitutionMap","IX_LitAuthorInstitution_AuthorLiterature","NONCLUSTERED","False","False","False","3","institution_order","False","False"
"dbo","LiteratureAuthorInstitutionMap","IX_LitAuthorInstitution_AuthorLiterature","NONCLUSTERED","False","False","False","4","id","False","False"
"dbo","LiteratureAuthorInstitutionMap","IX_LiteratureAuthorInstitutionMap_author","NONCLUSTERED","False","False","False","1","author_id","False","False"
"dbo","LiteratureAuthorInstitutionMap","IX_LiteratureAuthorInstitutionMap_author","NONCLUSTERED","False","False","False","2","institution_id","False","False"
"dbo","LiteratureAuthorInstitutionMap","IX_LiteratureAuthorInstitutionMap_literature","NONCLUSTERED","False","False","False","1","literature_id","False","False"
"dbo","LiteratureAuthorInstitutionMap","IX_LiteratureAuthorInstitutionMap_literature","NONCLUSTERED","False","False","False","2","author_order","False","False"
"dbo","LiteratureAuthorInstitutionMap","IX_LiteratureAuthorInstitutionMap_literature","NONCLUSTERED","False","False","False","3","institution_order","False","False"
"dbo","LiteratureAuthorInstitutionMap","PK__Literatu__3213E83F01794CA2","CLUSTERED","True","True","False","1","id","False","False"
"dbo","LiteratureAuthorMap","IX_LiteratureAuthorMap_Author","NONCLUSTERED","False","False","False","1","author_id","False","False"
"dbo","LiteratureAuthorMap","IX_LiteratureAuthorMap_Author","NONCLUSTERED","False","False","False","2","literature_id","False","False"
"dbo","LiteratureAuthorMap","IX_LiteratureAuthorMap_AuthorLiterature","NONCLUSTERED","False","False","False","1","author_id","False","False"
"dbo","LiteratureAuthorMap","IX_LiteratureAuthorMap_AuthorLiterature","NONCLUSTERED","False","False","False","2","literature_id","False","False"
"dbo","LiteratureAuthorMap","IX_LiteratureAuthorMap_AuthorLiterature","NONCLUSTERED","False","False","False","3","author_order","False","False"
"dbo","LiteratureAuthorMap","PK_LiteratureAuthorMap","CLUSTERED","True","True","False","1","id","False","False"
"dbo","LiteratureAuthorMap","UX_LiteratureAuthorMap_LitAuthor","NONCLUSTERED","True","False","False","1","literature_id","False","False"
"dbo","LiteratureAuthorMap","UX_LiteratureAuthorMap_LitAuthor","NONCLUSTERED","True","False","False","2","author_id","False","False"
"dbo","LiteratureCategory","PK_LiteratureCategory","CLUSTERED","True","True","False","1","id","False","False"
"dbo","LiteratureComment","IX_LiteratureComment_Literature_Status","NONCLUSTERED","False","False","False","1","canonical_literature_id","False","False"
"dbo","LiteratureComment","IX_LiteratureComment_Literature_Status","NONCLUSTERED","False","False","False","2","literature_id","False","False"
"dbo","LiteratureComment","IX_LiteratureComment_Literature_Status","NONCLUSTERED","False","False","False","3","parent_id","False","False"
"dbo","LiteratureComment","IX_LiteratureComment_Literature_Status","NONCLUSTERED","False","False","False","4","status","False","False"
"dbo","LiteratureComment","IX_LiteratureComment_Literature_Status","NONCLUSTERED","False","False","False","5","is_deleted","False","False"
"dbo","LiteratureComment","IX_LiteratureComment_Literature_Status","NONCLUSTERED","False","False","False","6","addtime","True","False"
"dbo","LiteratureComment","IX_LiteratureComment_User","NONCLUSTERED","False","False","False","1","userid","False","False"
"dbo","LiteratureComment","IX_LiteratureComment_User","NONCLUSTERED","False","False","False","2","is_deleted","False","False"
"dbo","LiteratureComment","IX_LiteratureComment_User","NONCLUSTERED","False","False","False","3","status","False","False"
"dbo","LiteratureComment","IX_LiteratureComment_User","NONCLUSTERED","False","False","False","4","addtime","True","False"
"dbo","LiteratureComment","PK_LiteratureComment","CLUSTERED","True","True","False","1","id","False","False"
"dbo","LiteratureDownloadLog","PK_LiteratureDownloadLog","CLUSTERED","True","True","False","1","id","False","False"
"dbo","LiteratureDownloadLog","UX_LiteratureDownloadLog_UserLiterature","NONCLUSTERED","True","False","False","1","user_id","False","False"
"dbo","LiteratureDownloadLog","UX_LiteratureDownloadLog_UserLiterature","NONCLUSTERED","True","False","False","2","literature_id","False","False"
"dbo","LiteratureExportLog","PK_LiteratureExportLog","CLUSTERED","True","True","False","1","id","False","False"
"dbo","LiteratureFavorite","PK_LiteratureFavorite","CLUSTERED","True","True","False","1","id","False","False"
"dbo","LiteratureFavorite","UX_LiteratureFavorite_literature_user","NONCLUSTERED","True","False","False","1","literature_id","False","False"
"dbo","LiteratureFavorite","UX_LiteratureFavorite_literature_user","NONCLUSTERED","True","False","False","2","userid","False","False"
"dbo","LiteratureFavorite","UX_LiteratureFavorite_LiteratureUser","NONCLUSTERED","True","False","False","1","literature_id","False","False"
"dbo","LiteratureFavorite","UX_LiteratureFavorite_LiteratureUser","NONCLUSTERED","True","False","False","2","userid","False","False"
"dbo","LiteratureFile","IX_LiteratureFile_LiteratureStatus","NONCLUSTERED","False","False","False","1","literature_id","False","False"
"dbo","LiteratureFile","IX_LiteratureFile_LiteratureStatus","NONCLUSTERED","False","False","False","2","status","False","False"
"dbo","LiteratureFile","IX_LiteratureFile_LiteratureStatus","NONCLUSTERED","False","False","False","3","orderid","False","False"
"dbo","LiteratureFile","PK_LiteratureFile","CLUSTERED","True","True","False","1","id","False","False"
"dbo","LiteratureImportBatch","PK_LiteratureImportBatch","CLUSTERED","True","True","False","1","id","False","False"
"dbo","LiteratureImportError","PK_LiteratureImportError","CLUSTERED","True","True","False","1","id","False","False"
"dbo","LiteratureLike","PK_LiteratureLike","CLUSTERED","True","True","False","1","id","False","False"
"dbo","LiteratureLike","UX_LiteratureLike_literature_user","NONCLUSTERED","True","False","False","1","literature_id","False","False"
"dbo","LiteratureLike","UX_LiteratureLike_literature_user","NONCLUSTERED","True","False","False","2","userid","False","False"
"dbo","LiteratureTag","IX_LiteratureTag_Name","NONCLUSTERED","False","False","False","1","name","False","False"
"dbo","LiteratureTag","PK_LiteratureTag","CLUSTERED","True","True","False","1","id","False","False"
"dbo","LiteratureTagMap","IX_LiteratureTagMap_Tag","NONCLUSTERED","False","False","False","1","tag_id","False","False"
"dbo","LiteratureTagMap","IX_LiteratureTagMap_Tag","NONCLUSTERED","False","False","False","2","literature_id","False","False"
"dbo","LiteratureTagMap","PK_LiteratureTagMap","CLUSTERED","True","True","False","1","id","False","False"
"dbo","LiteratureTagMap","UX_LiteratureTagMap_LitTag","NONCLUSTERED","True","False","False","1","literature_id","False","False"
"dbo","LiteratureTagMap","UX_LiteratureTagMap_LitTag","NONCLUSTERED","True","False","False","2","tag_id","False","False"
"dbo","LiteratureVenueProfile","PK__Literatu__3213E83FA0EA3D73","CLUSTERED","True","True","False","1","id","False","False"
"dbo","LiteratureVenueProfile","UX_LiteratureVenueProfile_type_name","NONCLUSTERED","True","False","False","1","venue_type","False","False"
"dbo","LiteratureVenueProfile","UX_LiteratureVenueProfile_type_name","NONCLUSTERED","True","False","False","2","venue_name","False","False"
"dbo","logincode_list","PK_logincode_list","CLUSTERED","True","True","False","1","code","False","False"
"dbo","LoginSingle_List","PK_LoginSingle_List","CLUSTERED","True","True","False","1","Id","False","False"
"dbo","model_list","PK_model_list","CLUSTERED","True","True","False","1","id","False","False"
"dbo","NoticeLog_List","IX_NoticeLog_List_UserStatusAddtime","NONCLUSTERED","False","False","False","1","userid","False","False"
"dbo","NoticeLog_List","IX_NoticeLog_List_UserStatusAddtime","NONCLUSTERED","False","False","False","2","status","False","False"
"dbo","NoticeLog_List","IX_NoticeLog_List_UserStatusAddtime","NONCLUSTERED","False","False","False","3","addtime","True","False"
"dbo","NoticeLog_List","PK_NoticeLog_List","CLUSTERED","True","True","False","1","id","False","False"
"dbo","NoticeLogStatus_List","PK_NoticeLogStatus_List","CLUSTERED","True","True","False","1","id","False","False"
"dbo","NoticeLogStatus_List","UX_NoticeLogStatus_List_name","NONCLUSTERED","True","False","False","1","name","False","False"
"dbo","NoticeLogType_List","PK_NoticeLogType_List","CLUSTERED","True","True","False","1","id","False","False"
"dbo","NoticeLogType_List","UX_NoticeLogType_List_name","NONCLUSTERED","True","False","False","1","name","False","False"
"dbo","popedom","PK_popedom","CLUSTERED","True","True","False","1","id","False","False"
"dbo","popedomhead","PK_popedomhead","CLUSTERED","True","True","False","1","id","False","False"
"dbo","popedomhead","UX_popedomhead_admin_popedom","NONCLUSTERED","True","False","False","1","adminid","False","False"
"dbo","popedomhead","UX_popedomhead_admin_popedom","NONCLUSTERED","True","False","False","2","popedomid","False","False"
"dbo","ServiceLog_List","PK_ServiceLog_List","CLUSTERED","True","True","False","1","id","False","False"
"dbo","ServiceLogStatus_List","PK_ServiceLogStatus_List","CLUSTERED","True","True","False","1","id","False","False"
"dbo","sysdiagrams","PK__sysdiagr__C2B05B616708AB45","CLUSTERED","True","True","False","1","diagram_id","False","False"
"dbo","sysdiagrams","UK_principal_name","NONCLUSTERED","True","False","True","1","principal_id","False","False"
"dbo","sysdiagrams","UK_principal_name","NONCLUSTERED","True","False","True","2","name","False","False"
"dbo","tbl_class","PK_tbl_class","CLUSTERED","True","True","False","1","id","False","False"
"dbo","telcode_list","IX_telcode_list_TelTypeAddtime","NONCLUSTERED","False","False","False","1","tel","False","False"
"dbo","telcode_list","IX_telcode_list_TelTypeAddtime","NONCLUSTERED","False","False","False","2","type","False","False"
"dbo","telcode_list","IX_telcode_list_TelTypeAddtime","NONCLUSTERED","False","False","False","3","addtime","True","False"
"dbo","telcode_list","PK_telcode_list","CLUSTERED","True","True","False","1","tel","False","False"
"dbo","telcode_list","PK_telcode_list","CLUSTERED","True","True","False","2","type","False","False"
"dbo","telcode_list","PK_telcode_list","CLUSTERED","True","True","False","3","code","False","False"
"dbo","telcode_list","PK_telcode_list","CLUSTERED","True","True","False","4","addtime","False","False"
"dbo","telcode_list","PK_telcode_list","CLUSTERED","True","True","False","5","img_x","False","False"
"dbo","telcode_list","PK_telcode_list","CLUSTERED","True","True","False","6","img_y","False","False"
"dbo","TopUpType_List","IX_TopUpType_List","NONCLUSTERED","True","False","True","1","money","False","False"
"dbo","TopUpType_List","PK_TopUpType_List","CLUSTERED","True","True","False","1","id","False","False"
"dbo","user_list","PK_user_list","CLUSTERED","True","True","False","1","id","False","False"
"dbo","user_list","UX_user_list_tel","NONCLUSTERED","True","False","False","1","tel","False","False"
"dbo","user_login","PK_User_Login","CLUSTERED","True","True","False","1","id","False","False"
"dbo","userfile_list","IX_userfile_list_up_filename","NONCLUSTERED","False","False","False","1","up_filename","False","False"
"dbo","userpaylog_list","PK_userpaylog_list","CLUSTERED","True","True","False","1","out_trade_no","False","False"
"dbo","websiteinfo_list","PK_websiteinfo_list","CLUSTERED","True","True","False","1","id","False","False"
