"schema_name","table_name","column_id","column_name","type_name","max_length","precision","scale","is_nullable","is_computed","collation_name","default_name","default_definition","seed_value","increment_value","is_identity"
"dbo","admin","1","id","int","4","10","0","False","False","","","","1","1","True"
"dbo","admin","2","username","nvarchar","100","0","0","False","False","Chinese_PRC_CI_AS","","","","","False"
"dbo","admin","3","password","nvarchar","100","0","0","True","False","Chinese_PRC_CI_AS","","","","","False"
"dbo","admin","4","popedom","nvarchar","-1","0","0","True","False","Chinese_PRC_CI_AS","","","","","False"
"dbo","admin","5","lastloginip","nvarchar","100","0","0","True","False","Chinese_PRC_CI_AS","","","","","False"
"dbo","admin","6","cityid","int","4","10","0","True","False","","","","","","False"
"dbo","admin","7","locks","int","4","10","0","True","False","","","","","","False"
"dbo","admin","8","code","nvarchar","100","0","0","True","False","Chinese_PRC_CI_AS","","","","","False"
"dbo","admin","9","lastlogindate","datetime","8","23","3","True","False","","DF_admin_lastlogindate","(getdate())","","","False"
"dbo","appeal_list","1","id","bigint","8","19","0","False","False","","","","1","1","True"
"dbo","appeal_list","2","url","nvarchar","5000","0","0","False","False","Chinese_PRC_CI_AS","","","","","False"
"dbo","appeal_list","3","info_","nvarchar","-1","0","0","False","False","Chinese_PRC_CI_AS","","","","","False"
"dbo","appeal_list","4","addtime","datetime","8","23","3","False","False","","","","","","False"
"dbo","appeal_list","5","status","int","4","10","0","False","False","","","","","","False"
"dbo","appeal_list","6","userid","int","4","10","0","False","False","","","","","","False"
"dbo","appealimg_list","1","appeal_id","bigint","8","19","0","False","False","","","","","","False"
"dbo","appealimg_list","2","upload_pic_info","nvarchar","500","0","0","False","False","Chinese_PRC_CI_AS","","","","","False"
"dbo","appealimg_list","3","addtime","datetime","8","23","3","False","False","","","","","","False"
"dbo","appealimg_list","4","orderid","int","4","10","0","False","False","","","","","","False"
"dbo","Author","1","id","int","4","10","0","False","False","","","","1","1","True"
"dbo","Author","2","name_cn","nvarchar","200","0","0","False","False","Chinese_PRC_CI_AS","","","","","False"
"dbo","Author","3","name_en","nvarchar","400","0","0","True","False","Chinese_PRC_CI_AS","","","","","False"
"dbo","Author","4","institution","nvarchar","600","0","0","True","False","Chinese_PRC_CI_AS","","","","","False"
"dbo","Author","5","orcid","nvarchar","100","0","0","True","False","Chinese_PRC_CI_AS","","","","","False"
"dbo","Author","6","email","nvarchar","400","0","0","True","False","Chinese_PRC_CI_AS","","","","","False"
"dbo","Author","7","status","int","4","10","0","False","False","","DF_Author_status","((1))","","","False"
"dbo","Author","8","addtime","datetime","8","23","3","False","False","","DF_Author_addtime","(getdate())","","","False"
"dbo","cosfile_list","1","userid","int","4","10","0","False","False","","","","","","False"
"dbo","cosfile_list","2","addtime","datetime","8","23","3","False","False","","","","","","False"
"dbo","cosfile_list","3","up_filename","nvarchar","500","0","0","False","False","Chinese_PRC_CI_AS","","","","","False"
"dbo","daoru_list","1","id","int","4","10","0","False","False","","","","1","1","True"
"dbo","daoru_list","2","posttime","datetime","8","23","3","False","False","","","","","","False"
"dbo","daoru_list","3","r_info","nvarchar","1000","0","0","False","False","Chinese_PRC_CI_AS","","","","","False"
"dbo","daoru_list","4","status","int","4","10","0","False","False","","","","","","False"
"dbo","daoru_list","5","type","int","4","10","0","False","False","","","","","","False"
"dbo","daoruerr_list","1","info","nvarchar","1000","0","0","False","False","Chinese_PRC_CI_AS","","","","","False"
"dbo","daoruerr_list","2","filename","nvarchar","500","0","0","False","False","Chinese_PRC_CI_AS","","","","","False"
"dbo","daoruerr_list","3","addtime","datetime","8","23","3","False","False","","","","","","False"
"dbo","daoruerr_list","4","daoruid","int","4","10","0","False","False","","","","","","False"
"dbo","data_list","1","id","int","4","10","0","False","False","","","","1","1","True"
"dbo","data_list","2","name","nvarchar","1200","0","0","True","False","Chinese_PRC_CI_AS","","","","","False"
"dbo","data_list","3","tbclass_id","int","4","10","0","False","False","","DF_data_list_tbclass_id","((0))","","","False"
"dbo","data_list","4","upload_pic_img","nvarchar","100","0","0","True","False","Chinese_PRC_CI_AS","","","","","False"
"dbo","data_list","5","isshow","int","4","10","0","False","False","","DF_data_list_isshow","((0))","","","False"
"dbo","data_list","6","addtime","datetime","8","23","3","False","False","","","","","","False"
"dbo","data_list","7","uptime","datetime","8","23","3","False","False","","","","","","False"
"dbo","data_list","8","datetime","datetime","8","23","3","False","False","","","","","","False"
"dbo","data_list","9","orderid","int","4","10","0","False","False","","","","","","False"
"dbo","data_list","10","info_","nvarchar","-1","0","0","True","False","Chinese_PRC_CI_AS","","","","","False"
"dbo","data_list","11","keywords","nvarchar","-1","0","0","True","False","Chinese_PRC_CI_AS","","","","","False"
"dbo","data_list","12","description","nvarchar","-1","0","0","True","False","Chinese_PRC_CI_AS","","","","","False"
"dbo","data_list","13","title","nvarchar","-1","0","0","True","False","Chinese_PRC_CI_AS","","","","","False"
"dbo","data_list","14","istop","int","4","10","0","False","False","","","","","","False"
"dbo","GeneratedAssetRecord_list","1","id","bigint","8","19","0","False","False","","","","1","1","True"
"dbo","GeneratedAssetRecord_list","2","userid","int","4","10","0","False","False","","","","","","False"
"dbo","GeneratedAssetRecord_list","3","addtime","datetime","8","23","3","False","False","","","","","","False"
"dbo","GeneratedAssetRecord_list","4","jobid","nvarchar","500","0","0","False","False","Chinese_PRC_CI_AS","","","","","False"
"dbo","GeneratedAssetRecord_list","5","requestid","nvarchar","500","0","0","False","False","Chinese_PRC_CI_AS","","","","","False"
"dbo","GeneratedAssetRecord_list","6","status","nvarchar","100","0","0","True","False","Chinese_PRC_CI_AS","","","","","False"
"dbo","GeneratedAssetRecord_list","7","ai_key","nvarchar","1000","0","0","True","False","Chinese_PRC_CI_AS","","","","","False"
"dbo","GeneratedAssetRecord_list","8","ai_img","nvarchar","1000","0","0","True","False","Chinese_PRC_CI_AS","","","","","False"
"dbo","GeneratedAssetRecord_list","9","type","int","4","10","0","False","False","","","","","","False"
"dbo","GeneratedAssetRecord_list","10","upload_pic_cover","nvarchar","500","0","0","True","False","Chinese_PRC_CI_AS","","","","","False"
"dbo","GeneratedAssetRecord_list","11","iscos","int","4","10","0","False","False","","","","","","False"
"dbo","GeneratedAssetRecord_list","12","upload_pic_cos","nvarchar","500","0","0","True","False","Chinese_PRC_CI_AS","","","","","False"
"dbo","GeneratedAssetRecord_list","13","isshow","int","4","10","0","True","False","","","","","","False"
"dbo","GeneratedAssetRecord_list","14","istop","int","4","10","0","True","False","","","","","","False"
"dbo","GeneratedAssetRecord_list","15","num_integrate","int","4","10","0","True","False","","","","","","False"
"dbo","GeneratedAssetRecord_list","16","api_err","nvarchar","-1","0","0","True","False","Chinese_PRC_CI_AS","","","","","False"
"dbo","GeneratedAssetRecord_list","17","cos_name","nvarchar","500","0","0","True","False","Chinese_PRC_CI_AS","","","","","False"
"dbo","indexsingle_list","1","id","int","4","10","0","False","False","","","","1","1","True"
"dbo","indexsingle_list","2","name","nvarchar","1200","0","0","True","False","Chinese_PRC_CI_AS","","","","","False"
"dbo","indexsingle_list","3","upload_pic_img","nvarchar","100","0","0","True","False","Chinese_PRC_CI_AS","","","","","False"
"dbo","indexsingle_list","4","upload_pic_m","nvarchar","500","0","0","True","False","Chinese_PRC_CI_AS","","","","","False"
"dbo","indexsingle_list","5","upload_pic_pc","nvarchar","500","0","0","True","False","Chinese_PRC_CI_AS","","","","","False"
"dbo","indexsingle_list","6","isshow","int","4","10","0","False","False","","DF_indexsingle_list_isshow","((0))","","","False"
"dbo","indexsingle_list","7","addtime","datetime","8","23","3","False","False","","","","","","False"
"dbo","indexsingle_list","8","uptime","datetime","8","23","3","False","False","","","","","","False"
"dbo","indexsingle_list","9","orderid","int","4","10","0","False","False","","","","","","False"
"dbo","indexsingle_list","10","info_","nvarchar","-1","0","0","True","False","Chinese_PRC_CI_AS","","","","","False"
"dbo","indexsingle_list","11","keywords","nvarchar","-1","0","0","True","False","Chinese_PRC_CI_AS","","","","","False"
"dbo","indexsingle_list","12","description","nvarchar","-1","0","0","True","False","Chinese_PRC_CI_AS","","","","","False"
"dbo","indexsingle_list","13","title","nvarchar","-1","0","0","True","False","Chinese_PRC_CI_AS","","","","","False"
"dbo","indexsingle_list","14","istop","int","4","10","0","False","False","","","","","","False"
"dbo","indexsingle_list","15","istype","int","4","10","0","False","False","","","","","","False"
"dbo","indexsingle_list","16","url","nvarchar","5000","0","0","True","False","Chinese_PRC_CI_AS","","","","","False"
"dbo","integrate_list","1","id","int","4","10","0","False","False","","","","1","1","True"
"dbo","integrate_list","2","name","nvarchar","500","0","0","False","False","Chinese_PRC_CI_AS","","","","","False"
"dbo","integrate_list","3","orderid","int","4","10","0","False","False","","","","","","False"
"dbo","integrate_list","4","uptime","datetime","8","23","3","False","False","","","","","","False"
"dbo","integrate_list","5","addtime","datetime","8","23","3","False","False","","","","","","False"
"dbo","integrate_list","6","upload_pic_img","nvarchar","500","0","0","True","False","Chinese_PRC_CI_AS","","","","","False"
"dbo","integrate_list","7","about_","nvarchar","-1","0","0","True","False","Chinese_PRC_CI_AS","","","","","False"
"dbo","integrate_list","8","num_integrate","int","4","10","0","False","False","","","","","","False"
"dbo","integrateExchangeLog_list","1","id","bigint","8","19","0","False","False","","","","1","1","True"
"dbo","integrateExchangeLog_list","2","name","nvarchar","1000","0","0","False","False","Chinese_PRC_CI_AS","","","","","False"
"dbo","integrateExchangeLog_list","3","num_integrate","int","4","10","0","False","False","","","","","","False"
"dbo","integrateExchangeLog_list","4","codestr","nvarchar","500","0","0","False","False","Chinese_PRC_CI_AS","","","","","False"
"dbo","integrateExchangeLog_list","5","addtime","datetime","8","23","3","False","False","","","","","","False"
"dbo","integrateExchangeLog_list","6","status","int","4","10","0","True","False","","","","","","False"
"dbo","integrateExchangeLog_list","7","user_id","int","4","10","0","False","False","","","","","","False"
"dbo","integrateExchangeLog_list","8","upload_pic_img","nvarchar","500","0","0","True","False","Chinese_PRC_CI_AS","","","","","False"
"dbo","integrateExchangeLog_list","9","hexiaotime","nvarchar","500","0","0","True","False","Chinese_PRC_CI_AS","","","","","False"
"dbo","integrateLog_list","1","id","int","4","10","0","False","False","","","","1","1","True"
"dbo","integrateLog_list","2","num_integrate","int","4","10","0","False","False","","","","","","False"
"dbo","integrateLog_list","3","type","int","4","10","0","False","False","","","","","","False"
"dbo","integrateLog_list","4","name","nvarchar","1000","0","0","False","False","Chinese_PRC_CI_AS","","","","","False"
"dbo","integrateLog_list","5","info_","nvarchar","-1","0","0","True","False","Chinese_PRC_CI_AS","","","","","False"
"dbo","integrateLog_list","6","addtime","datetime","8","23","3","False","False","","","","","","False"
"dbo","integrateLog_list","7","user_id","int","4","10","0","False","False","","","","","","False"
"dbo","integrateLog_list","8","adminname","nvarchar","500","0","0","True","False","Chinese_PRC_CI_AS","","","","","False"
"dbo","integrateLog_list","9","pro_id","bigint","8","19","0","True","False","","","","","","False"
"dbo","integrateLog_list","10","prodata_id","bigint","8","19","0","True","False","","","","","","False"
"dbo","integrateLog_list","11","orderpro_orderno","nvarchar","100","0","0","True","False","Chinese_PRC_CI_AS","","","","","False"
"dbo","integrateLog_list","12","literature_id","int","4","10","0","True","False","","","","","","False"
"dbo","integrateLogType_list","1","id","int","4","10","0","False","False","","","","","","False"
"dbo","integrateLogType_list","2","name","nvarchar","100","0","0","False","False","Chinese_PRC_CI_AS","","","","","False"
"dbo","integrateLogType_list","3","num_integrate","int","4","10","0","True","False","","","","","","False"
"dbo","integratestatus_list","1","id","int","4","10","0","False","False","","","","","","False"
"dbo","integratestatus_list","2","name","nvarchar","100","0","0","False","False","Chinese_PRC_CI_AS","","","","","False"
"dbo","IntegrationToken_list","1","id","int","4","10","0","False","False","","","","","","False"
"dbo","IntegrationToken_list","2","adddate","datetime","8","23","3","False","False","","","","","","False"
"dbo","IntegrationToken_list","3","access_token","nvarchar","500","0","0","False","False","Chinese_PRC_CI_AS","","","","","False"
"dbo","IntegrationToken_list","4","expires_in","int","4","10","0","False","False","","","","","","False"
"dbo","link_list","1","id","int","4","10","0","False","False","","","","1","1","True"
"dbo","link_list","2","name","nvarchar","300","0","0","True","False","Chinese_PRC_CI_AS","","","","","False"
"dbo","link_list","3","isshow","int","4","10","0","False","False","","DF_link_list_isshow","((0))","","","False"
"dbo","link_list","4","addtime","datetime","8","23","3","False","False","","","","","","False"
"dbo","link_list","5","uptime","datetime","8","23","3","False","False","","","","","","False"
"dbo","link_list","6","orderid","int","4","10","0","False","False","","","","","","False"
"dbo","link_list","7","url","nvarchar","1200","0","0","True","False","Chinese_PRC_CI_AS","","","","","False"
"dbo","link_list","8","type","int","4","10","0","False","False","","","","","","False"
"dbo","link_list","9","upload_pic_icon","nvarchar","100","0","0","True","False","Chinese_PRC_CI_AS","","","","","False"
"dbo","Literature","1","id","int","4","10","0","False","False","","","","1","1","True"
"dbo","Literature","2","title","nvarchar","1000","0","0","False","False","Chinese_PRC_CI_AS","","","","","False"
"dbo","Literature","3","subtitle","nvarchar","1000","0","0","True","False","Chinese_PRC_CI_AS","","","","","False"
"dbo","Literature","5","doi","nvarchar","200","0","0","True","False","Chinese_PRC_CI_AS","","","","","False"
"dbo","Literature","6","keywords","nvarchar","1000","0","0","True","False","Chinese_PRC_CI_AS","","","","","False"
"dbo","Literature","7","abstract_text","nvarchar","-1","0","0","True","False","Chinese_PRC_CI_AS","","","","","False"
"dbo","Literature","8","source_type","nvarchar","100","0","0","True","False","Chinese_PRC_CI_AS","","","","","False"
"dbo","Literature","9","language","nvarchar","100","0","0","True","False","Chinese_PRC_CI_AS","","","","","False"
"dbo","Literature","10","publish_year","int","4","10","0","True","False","","","","","","False"
"dbo","Literature","11","journal_name","nvarchar","600","0","0","True","False","Chinese_PRC_CI_AS","","","","","False"
"dbo","Literature","12","conference_name","nvarchar","600","0","0","True","False","Chinese_PRC_CI_AS","","","","","False"
"dbo","Literature","13","publisher","nvarchar","600","0","0","True","False","Chinese_PRC_CI_AS","","","","","False"
"dbo","Literature","14","volume","nvarchar","100","0","0","True","False","Chinese_PRC_CI_AS","","","","","False"
"dbo","Literature","15","issue","nvarchar","100","0","0","True","False","Chinese_PRC_CI_AS","","","","","False"
"dbo","Literature","16","pages","nvarchar","200","0","0","True","False","Chinese_PRC_CI_AS","","","","","False"
"dbo","Literature","17","category_id","int","4","10","0","False","False","","DF_Literature_category_id","((0))","","","False"
"dbo","Literature","19","cover_pic","nvarchar","510","0","0","True","False","Chinese_PRC_CI_AS","","","","","False"
"dbo","Literature","22","external_url","nvarchar","1000","0","0","True","False","Chinese_PRC_CI_AS","","","","","False"
"dbo","Literature","23","source_db","nvarchar","400","0","0","True","False","Chinese_PRC_CI_AS","","","","","False"
"dbo","Literature","24","remark","nvarchar","2000","0","0","True","False","Chinese_PRC_CI_AS","","","","","False"
"dbo","Literature","25","is_top","int","4","10","0","False","False","","DF_Literature_is_top","((0))","","","False"
"dbo","Literature","26","status","int","4","10","0","False","False","","DF_Literature_status","((1))","","","False"
"dbo","Literature","27","userid","int","4","10","0","False","False","","DF_Literature_userid","((0))","","","False"
"dbo","Literature","28","addtime","datetime","8","23","3","False","False","","DF_Literature_addtime","(getdate())","","","False"
"dbo","Literature","29","updatetime","datetime","8","23","3","False","False","","DF_Literature_updatetime","(getdate())","","","False"
"dbo","Literature","30","institution","nvarchar","1000","0","0","True","False","Chinese_PRC_CI_AS","","","","","False"
"dbo","Literature","31","download_points","int","4","10","0","False","False","","DF_Literature_download_points","((0))","","","False"
"dbo","Literature","32","reviewed_by","int","4","10","0","True","False","","","","","","False"
"dbo","Literature","33","review_time","datetime","8","23","3","True","False","","","","","","False"
"dbo","Literature","34","import_batch_id","int","4","10","0","True","False","","","","","","False"
"dbo","Literature","35","canonical_literature_id","int","4","10","0","True","False","","","","","","False"
"dbo","LiteratureAuthorMap","1","id","int","4","10","0","False","False","","","","1","1","True"
"dbo","LiteratureAuthorMap","2","literature_id","int","4","10","0","False","False","","","","","","False"
"dbo","LiteratureAuthorMap","3","author_id","int","4","10","0","False","False","","","","","","False"
"dbo","LiteratureAuthorMap","4","author_order","int","4","10","0","False","False","","DF_LiteratureAuthorMap_author_order","((1))","","","False"
"dbo","LiteratureAuthorMap","5","is_corresponding","int","4","10","0","False","False","","DF_LiteratureAuthorMap_is_corresponding","((0))","","","False"
"dbo","LiteratureAuthorMap","6","addtime","datetime","8","23","3","False","False","","DF_LiteratureAuthorMap_addtime","(getdate())","","","False"
"dbo","LiteratureCategory","1","id","int","4","10","0","False","False","","","","1","1","True"
"dbo","LiteratureCategory","2","parent_id","int","4","10","0","True","False","","DF_LiteratureCategory_parent_id","((0))","","","False"
"dbo","LiteratureCategory","3","name","nvarchar","200","0","0","False","False","Chinese_PRC_CI_AS","","","","","False"
"dbo","LiteratureCategory","4","name_en","nvarchar","400","0","0","True","False","Chinese_PRC_CI_AS","","","","","False"
"dbo","LiteratureCategory","5","code","nvarchar","200","0","0","True","False","Chinese_PRC_CI_AS","","","","","False"
"dbo","LiteratureCategory","6","orderid","int","4","10","0","False","False","","DF_LiteratureCategory_orderid","((0))","","","False"
"dbo","LiteratureCategory","7","status","int","4","10","0","False","False","","DF_LiteratureCategory_status","((1))","","","False"
"dbo","LiteratureCategory","8","addtime","datetime","8","23","3","False","False","","DF_LiteratureCategory_addtime","(getdate())","","","False"
"dbo","LiteratureCategory","9","updatetime","datetime","8","23","3","False","False","","DF_LiteratureCategory_updatetime","(getdate())","","","False"
"dbo","LiteratureComment","1","id","int","4","10","0","False","False","","","","1","1","True"
"dbo","LiteratureComment","2","literature_id","int","4","10","0","False","False","","","","","","False"
"dbo","LiteratureComment","3","canonical_literature_id","int","4","10","0","True","False","","","","","","False"
"dbo","LiteratureComment","4","userid","int","4","10","0","False","False","","","","","","False"
"dbo","LiteratureComment","5","parent_id","int","4","10","0","False","False","","DF_LiteratureComment_parent_id","((0))","","","False"
"dbo","LiteratureComment","6","content","nvarchar","-1","0","0","False","False","Chinese_PRC_CI_AS","","","","","False"
"dbo","LiteratureComment","7","status","int","4","10","0","False","False","","DF_LiteratureComment_status","((0))","","","False"
"dbo","LiteratureComment","8","like_count","int","4","10","0","False","False","","DF_LiteratureComment_like_count","((0))","","","False"
"dbo","LiteratureComment","9","report_count","int","4","10","0","False","False","","DF_LiteratureComment_report_count","((0))","","","False"
"dbo","LiteratureComment","10","is_deleted","int","4","10","0","False","False","","DF_LiteratureComment_is_deleted","((0))","","","False"
"dbo","LiteratureComment","11","delete_time","datetime","8","23","3","True","False","","","","","","False"
"dbo","LiteratureComment","12","reviewed_by","int","4","10","0","True","False","","","","","","False"
"dbo","LiteratureComment","13","review_time","datetime","8","23","3","True","False","","","","","","False"
"dbo","LiteratureComment","14","review_remark","nvarchar","1000","0","0","True","False","Chinese_PRC_CI_AS","","","","","False"
"dbo","LiteratureComment","15","source_service_log_id","int","4","10","0","True","False","","","","","","False"
"dbo","LiteratureComment","16","source_service_log_info_id","int","4","10","0","True","False","","","","","","False"
"dbo","LiteratureComment","17","addtime","datetime","8","23","3","False","False","","DF_LiteratureComment_addtime","(getdate())","","","False"
"dbo","LiteratureComment","18","updatetime","datetime","8","23","3","False","False","","DF_LiteratureComment_updatetime","(getdate())","","","False"
"dbo","LiteratureDownloadLog","1","id","int","4","10","0","False","False","","","","1","1","True"
"dbo","LiteratureDownloadLog","2","literature_id","int","4","10","0","False","False","","","","","","False"
"dbo","LiteratureDownloadLog","3","user_id","int","4","10","0","False","False","","","","","","False"
"dbo","LiteratureDownloadLog","4","literature_title","nvarchar","1000","0","0","True","False","Chinese_PRC_CI_AS","","","","","False"
"dbo","LiteratureDownloadLog","5","file_url","nvarchar","510","0","0","True","False","Chinese_PRC_CI_AS","","","","","False"
"dbo","LiteratureDownloadLog","6","download_points","int","4","10","0","False","False","","DF_LiteratureDownloadLog_download_points","((0))","","","False"
"dbo","LiteratureDownloadLog","7","literature_user_id","int","4","10","0","False","False","","DF_LiteratureDownloadLog_literature_user_id","((0))","","","False"
"dbo","LiteratureDownloadLog","8","addtime","datetime","8","23","3","False","False","","DF_LiteratureDownloadLog_addtime","(getdate())","","","False"
"dbo","LiteratureExportLog","1","id","int","4","10","0","False","False","","","","1","1","True"
"dbo","LiteratureExportLog","2","export_name","nvarchar","400","0","0","False","False","Chinese_PRC_CI_AS","","","","","False"
"dbo","LiteratureExportLog","3","export_type","nvarchar","100","0","0","False","False","Chinese_PRC_CI_AS","","","","","False"
"dbo","LiteratureExportLog","4","file_name","nvarchar","510","0","0","True","False","Chinese_PRC_CI_AS","","","","","False"
"dbo","LiteratureExportLog","5","record_count","int","4","10","0","False","False","","DF_LiteratureExportLog_record_count","((0))","","","False"
"dbo","LiteratureExportLog","6","userid","int","4","10","0","False","False","","DF_LiteratureExportLog_userid","((0))","","","False"
"dbo","LiteratureExportLog","7","addtime","datetime","8","23","3","False","False","","DF_LiteratureExportLog_addtime","(getdate())","","","False"
"dbo","LiteratureFavorite","1","id","int","4","10","0","False","False","","","","1","1","True"
"dbo","LiteratureFavorite","2","literature_id","int","4","10","0","False","False","","","","","","False"
"dbo","LiteratureFavorite","3","userid","int","4","10","0","False","False","","","","","","False"
"dbo","LiteratureFavorite","4","addtime","datetime","8","23","3","False","False","","DF_LiteratureFavorite_addtime","(getdate())","","","False"
"dbo","LiteratureFile","1","id","int","4","10","0","False","False","","","","1","1","True"
"dbo","LiteratureFile","2","literature_id","int","4","10","0","False","False","","","","","","False"
"dbo","LiteratureFile","3","file_type","nvarchar","100","0","0","False","False","Chinese_PRC_CI_AS","","","","","False"
"dbo","LiteratureFile","4","file_name","nvarchar","510","0","0","False","False","Chinese_PRC_CI_AS","","","","","False"
"dbo","LiteratureFile","5","file_path","nvarchar","510","0","0","False","False","Chinese_PRC_CI_AS","","","","","False"
"dbo","LiteratureFile","6","file_size","bigint","8","19","0","True","False","","","","","","False"
"dbo","LiteratureFile","7","mime_type","nvarchar","200","0","0","True","False","Chinese_PRC_CI_AS","","","","","False"
"dbo","LiteratureFile","8","orderid","int","4","10","0","False","False","","DF_LiteratureFile_orderid","((0))","","","False"
"dbo","LiteratureFile","9","status","int","4","10","0","False","False","","DF_LiteratureFile_status","((1))","","","False"
"dbo","LiteratureFile","10","addtime","datetime","8","23","3","False","False","","DF_LiteratureFile_addtime","(getdate())","","","False"
"dbo","LiteratureImportBatch","1","id","int","4","10","0","False","False","","","","1","1","True"
"dbo","LiteratureImportBatch","2","batch_name","nvarchar","400","0","0","False","False","Chinese_PRC_CI_AS","","","","","False"
"dbo","LiteratureImportBatch","3","import_type","nvarchar","100","0","0","False","False","Chinese_PRC_CI_AS","","","","","False"
"dbo","LiteratureImportBatch","4","file_name","nvarchar","510","0","0","True","False","Chinese_PRC_CI_AS","","","","","False"
"dbo","LiteratureImportBatch","5","status","int","4","10","0","False","False","","DF_LiteratureImportBatch_status","((0))","","","False"
"dbo","LiteratureImportBatch","6","total_count","int","4","10","0","False","False","","DF_LiteratureImportBatch_total_count","((0))","","","False"
"dbo","LiteratureImportBatch","7","success_count","int","4","10","0","False","False","","DF_LiteratureImportBatch_success_count","((0))","","","False"
"dbo","LiteratureImportBatch","8","fail_count","int","4","10","0","False","False","","DF_LiteratureImportBatch_fail_count","((0))","","","False"
"dbo","LiteratureImportBatch","9","userid","int","4","10","0","False","False","","DF_LiteratureImportBatch_userid","((0))","","","False"
"dbo","LiteratureImportBatch","10","addtime","datetime","8","23","3","False","False","","DF_LiteratureImportBatch_addtime","(getdate())","","","False"
"dbo","LiteratureImportBatch","11","finishtime","datetime","8","23","3","True","False","","","","","","False"
"dbo","LiteratureImportError","1","id","int","4","10","0","False","False","","","","1","1","True"
"dbo","LiteratureImportError","2","batch_id","int","4","10","0","False","False","","","","","","False"
"dbo","LiteratureImportError","3","row_no","int","4","10","0","False","False","","","","","","False"
"dbo","LiteratureImportError","4","title","nvarchar","1000","0","0","True","False","Chinese_PRC_CI_AS","","","","","False"
"dbo","LiteratureImportError","5","error_msg","nvarchar","2000","0","0","False","False","Chinese_PRC_CI_AS","","","","","False"
"dbo","LiteratureImportError","6","raw_data","nvarchar","-1","0","0","True","False","Chinese_PRC_CI_AS","","","","","False"
"dbo","LiteratureImportError","7","addtime","datetime","8","23","3","False","False","","DF_LiteratureImportError_addtime","(getdate())","","","False"
"dbo","LiteratureLike","1","id","int","4","10","0","False","False","","","","1","1","True"
"dbo","LiteratureLike","2","literature_id","int","4","10","0","False","False","","","","","","False"
"dbo","LiteratureLike","3","userid","int","4","10","0","False","False","","","","","","False"
"dbo","LiteratureLike","4","addtime","datetime","8","23","3","False","False","","DF_LiteratureLike_addtime","(getdate())","","","False"
"dbo","LiteratureTag","1","id","int","4","10","0","False","False","","","","1","1","True"
"dbo","LiteratureTag","2","name","nvarchar","200","0","0","False","False","Chinese_PRC_CI_AS","","","","","False"
"dbo","LiteratureTag","3","orderid","int","4","10","0","False","False","","DF_LiteratureTag_orderid","((0))","","","False"
"dbo","LiteratureTag","4","status","int","4","10","0","False","False","","DF_LiteratureTag_status","((1))","","","False"
"dbo","LiteratureTag","5","addtime","datetime","8","23","3","False","False","","DF_LiteratureTag_addtime","(getdate())","","","False"
"dbo","LiteratureTagMap","1","id","int","4","10","0","False","False","","","","1","1","True"
"dbo","LiteratureTagMap","2","literature_id","int","4","10","0","False","False","","","","","","False"
"dbo","LiteratureTagMap","3","tag_id","int","4","10","0","False","False","","","","","","False"
"dbo","LiteratureTagMap","4","addtime","datetime","8","23","3","False","False","","DF_LiteratureTagMap_addtime","(getdate())","","","False"
"dbo","LiteratureVenueProfile","1","id","int","4","10","0","False","False","","","","1","1","True"
"dbo","LiteratureVenueProfile","2","venue_type","nvarchar","60","0","0","False","False","Chinese_PRC_CI_AS","","","","","False"
"dbo","LiteratureVenueProfile","3","venue_name","nvarchar","1000","0","0","False","False","Chinese_PRC_CI_AS","","","","","False"
"dbo","LiteratureVenueProfile","4","introduction","nvarchar","-1","0","0","True","False","Chinese_PRC_CI_AS","","","","","False"
"dbo","LiteratureVenueProfile","5","impact_factor","nvarchar","200","0","0","True","False","Chinese_PRC_CI_AS","","","","","False"
"dbo","LiteratureVenueProfile","6","jcr_quartile","nvarchar","200","0","0","True","False","Chinese_PRC_CI_AS","","","","","False"
"dbo","LiteratureVenueProfile","7","issn","nvarchar","200","0","0","True","False","Chinese_PRC_CI_AS","","","","","False"
"dbo","LiteratureVenueProfile","8","conference_level","nvarchar","200","0","0","True","False","Chinese_PRC_CI_AS","","","","","False"
"dbo","LiteratureVenueProfile","9","conference_cycle","nvarchar","200","0","0","True","False","Chinese_PRC_CI_AS","","","","","False"
"dbo","LiteratureVenueProfile","10","location","nvarchar","500","0","0","True","False","Chinese_PRC_CI_AS","","","","","False"
"dbo","LiteratureVenueProfile","11","website_url","nvarchar","1000","0","0","True","False","Chinese_PRC_CI_AS","","","","","False"
"dbo","LiteratureVenueProfile","12","publisher","nvarchar","500","0","0","True","False","Chinese_PRC_CI_AS","","","","","False"
"dbo","LiteratureVenueProfile","13","remark","nvarchar","-1","0","0","True","False","Chinese_PRC_CI_AS","","","","","False"
"dbo","LiteratureVenueProfile","14","status","int","4","10","0","False","False","","DF_LiteratureVenueProfile_status","((0))","","","False"
"dbo","LiteratureVenueProfile","15","created_by","int","4","10","0","False","False","","DF_LiteratureVenueProfile_created_by","((0))","","","False"
"dbo","LiteratureVenueProfile","16","updated_by","int","4","10","0","False","False","","DF_LiteratureVenueProfile_updated_by","((0))","","","False"
"dbo","LiteratureVenueProfile","17","addtime","datetime","8","23","3","False","False","","DF_LiteratureVenueProfile_addtime","(getdate())","","","False"
"dbo","LiteratureVenueProfile","18","updatetime","datetime","8","23","3","False","False","","DF_LiteratureVenueProfile_updatetime","(getdate())","","","False"
"dbo","logincode_list","1","code","nvarchar","100","0","0","False","False","Chinese_PRC_CI_AS","","","","","False"
"dbo","logincode_list","2","val","nchar","20","0","0","False","False","Chinese_PRC_CI_AS","","","","","False"
"dbo","logincode_list","3","addtime","datetime","8","23","3","False","False","","","","","","False"
"dbo","logincode_list","4","ip_str","nvarchar","100","0","0","False","False","Chinese_PRC_CI_AS","","","","","False"
"dbo","logincode_list","5","type","int","4","10","0","False","False","","","","","","False"
"dbo","LoginSingle_List","1","Id","int","4","10","0","False","False","","","","1","1","True"
"dbo","LoginSingle_List","2","Name","nvarchar","500","0","0","False","False","Chinese_PRC_CI_AS","","","","","False"
"dbo","LoginSingle_List","3","IsShow","int","4","10","0","False","False","","","","","","False"
"dbo","LoginSingle_List","4","OrderId","int","4","10","0","False","False","","","","","","False"
"dbo","LoginSingle_List","5","UpTime","datetime","8","23","3","False","False","","","","","","False"
"dbo","LoginSingle_List","6","AddTime","datetime","8","23","3","False","False","","","","","","False"
"dbo","LoginSingle_List","7","Info_","nvarchar","-1","0","0","True","False","Chinese_PRC_CI_AS","","","","","False"
"dbo","model_list","1","id","int","4","10","0","False","False","","","","1","1","True"
"dbo","model_list","2","m_name","nvarchar","510","0","0","True","False","Chinese_PRC_CI_AS","","","","","False"
"dbo","model_list","3","m_url","nvarchar","510","0","0","True","False","Chinese_PRC_CI_AS","","","","","False"
"dbo","model_list","4","page_url","nvarchar","510","0","0","True","False","Chinese_PRC_CI_AS","","","","","False"
"dbo","model_list","5","orderid","int","4","10","0","True","False","","","","","","False"
"dbo","model_list","6","addtime","datetime","8","23","3","True","False","","","","","","False"
"dbo","model_list","7","upload_pic","nvarchar","100","0","0","True","False","Chinese_PRC_CI_AS","","","","","False"
"dbo","NoticeLog_List","1","id","int","4","10","0","False","False","","","","1","1","True"
"dbo","NoticeLog_List","2","info_","nvarchar","-1","0","0","True","False","Chinese_PRC_CI_AS","","","","","False"
"dbo","NoticeLog_List","3","type","int","4","10","0","False","False","","","","","","False"
"dbo","NoticeLog_List","4","addtime","datetime","8","23","3","False","False","","","","","","False"
"dbo","NoticeLog_List","5","userid","int","4","10","0","False","False","","","","","","False"
"dbo","NoticeLog_List","6","looktime","nvarchar","100","0","0","True","False","Chinese_PRC_CI_AS","","","","","False"
"dbo","NoticeLog_List","7","status","int","4","10","0","False","False","","","","","","False"
"dbo","NoticeLog_List","8","url","nvarchar","1000","0","0","True","False","Chinese_PRC_CI_AS","","","","","False"
"dbo","NoticeLog_List","9","name","nvarchar","1000","0","0","False","False","Chinese_PRC_CI_AS","","","","","False"
"dbo","NoticeLogStatus_List","1","id","int","4","10","0","False","False","","","","","","False"
"dbo","NoticeLogStatus_List","2","name","nvarchar","100","0","0","False","False","Chinese_PRC_CI_AS","","","","","False"
"dbo","NoticeLogType_List","1","id","int","4","10","0","False","False","","","","","","False"
"dbo","NoticeLogType_List","2","name","nvarchar","100","0","0","False","False","Chinese_PRC_CI_AS","","","","","False"
"dbo","OptionColor_list","1","id","int","4","10","0","False","False","","","","1","1","True"
"dbo","OptionColor_list","2","name","nvarchar","100","0","0","False","False","Chinese_PRC_CI_AS","","","","","False"
"dbo","OptionColor_list","3","val","nvarchar","100","0","0","False","False","Chinese_PRC_CI_AS","","","","","False"
"dbo","OptionColor_list","4","orderid","int","4","10","0","False","False","","","","","","False"
"dbo","OptionColor_list","5","uptime","datetime","8","23","3","False","False","","","","","","False"
"dbo","OptionColor_list","6","addtime","datetime","8","23","3","False","False","","","","","","False"
"dbo","OptionMaterial_list","1","id","int","4","10","0","False","False","","","","1","1","True"
"dbo","OptionMaterial_list","2","name","nvarchar","100","0","0","False","False","Chinese_PRC_CI_AS","","","","","False"
"dbo","OptionMaterial_list","3","orderid","int","4","10","0","False","False","","","","","","False"
"dbo","OptionMaterial_list","4","uptime","datetime","8","23","3","False","False","","","","","","False"
"dbo","OptionMaterial_list","5","addtime","datetime","8","23","3","False","False","","","","","","False"
"dbo","popedom","1","id","int","4","10","0","False","False","","","","1","1","True"
"dbo","popedom","2","popedom_name","nvarchar","100","0","0","True","False","Chinese_PRC_CI_AS","","","","","False"
"dbo","popedom","3","popedom_father","int","4","10","0","True","False","","","","","","False"
"dbo","popedom","4","popedom_url","nvarchar","510","0","0","True","False","Chinese_PRC_CI_AS","","","","","False"
"dbo","popedom","5","orderid","int","4","10","0","True","False","","","","","","False"
"dbo","popedom","6","ishead","int","4","10","0","True","False","","","","","","False"
"dbo","PromptTemplate_list","1","id","int","4","10","0","False","False","","","","1","1","True"
"dbo","PromptTemplate_list","2","addtime","datetime","8","23","3","False","False","","","","","","False"
"dbo","PromptTemplate_list","3","name","nvarchar","500","0","0","False","False","Chinese_PRC_CI_AS","","","","","False"
"dbo","PromptTemplate_list","4","uptime","datetime","8","23","3","True","False","","","","","","False"
"dbo","RenderStyle_list","1","id","int","4","10","0","False","False","","","","1","1","True"
"dbo","RenderStyle_list","2","addtime","datetime","8","23","3","False","False","","","","","","False"
"dbo","RenderStyle_list","3","name","nvarchar","500","0","0","False","False","Chinese_PRC_CI_AS","","","","","False"
"dbo","RenderStyle_list","4","uptime","datetime","8","23","3","False","False","","","","","","False"
"dbo","RenderStyle_list","5","orderid","int","4","10","0","False","False","","","","","","False"
"dbo","RenderStyle_list","6","upload_pic_img","nvarchar","500","0","0","False","False","Chinese_PRC_CI_AS","","","","","False"
"dbo","SearchHot_List","1","id","int","4","10","0","False","False","","","","1","1","True"
"dbo","SearchHot_List","2","addtime","datetime","8","23","3","False","False","","","","","","False"
"dbo","SearchHot_List","3","name","nvarchar","1000","0","0","False","False","Chinese_PRC_CI_AS","","","","","False"
"dbo","SearchHot_List","4","url","nvarchar","5000","0","0","False","False","Chinese_PRC_CI_AS","","","","","False"
"dbo","SearchHot_List","5","isshow","int","4","10","0","False","False","","","","","","False"
"dbo","SearchHot_List","6","orderid","int","4","10","0","False","False","","","","","","False"
"dbo","SearchHot_List","7","uptime","datetime","8","23","3","True","False","","","","","","False"
"dbo","SearchHot_List","8","num_click","int","4","10","0","False","False","","","","","","False"
"dbo","ServiceLog_List","1","id","int","4","10","0","False","False","","","","1","1","True"
"dbo","ServiceLog_List","2","name","nvarchar","1000","0","0","False","False","Chinese_PRC_CI_AS","","","","","False"
"dbo","ServiceLog_List","3","info_","nvarchar","-1","0","0","False","False","Chinese_PRC_CI_AS","","","","","False"
"dbo","ServiceLog_List","4","addtime","datetime","8","23","3","False","False","","","","","","False"
"dbo","ServiceLog_List","5","status","int","4","10","0","False","False","","","","","","False"
"dbo","ServiceLog_List","6","userid","int","4","10","0","False","False","","","","","","False"
"dbo","ServiceLog_List","7","uptime","datetime","8","23","3","False","False","","","","","","False"
"dbo","ServiceLog_List","8","looktime","nvarchar","100","0","0","True","False","Chinese_PRC_CI_AS","","","","","False"
"dbo","ServiceLogInfo_List","1","id","int","4","10","0","False","False","","","","1","1","True"
"dbo","ServiceLogInfo_List","2","ServiceLog_Id","int","4","10","0","False","False","","","","","","False"
"dbo","ServiceLogInfo_List","3","info_","nvarchar","-1","0","0","False","False","Chinese_PRC_CI_AS","","","","","False"
"dbo","ServiceLogInfo_List","4","type","int","4","10","0","False","False","","","","","","False"
"dbo","ServiceLogInfo_List","5","addtime","datetime","8","23","3","False","False","","","","","","False"
"dbo","ServiceLogInfo_List","6","adminname","nvarchar","500","0","0","True","False","Chinese_PRC_CI_AS","","","","","False"
"dbo","ServiceLogStatus_List","1","id","int","4","10","0","False","False","","","","","","False"
"dbo","ServiceLogStatus_List","2","name","nvarchar","100","0","0","False","False","Chinese_PRC_CI_AS","","","","","False"
"dbo","tbl_class","1","id","int","4","10","0","False","False","","","","1","1","True"
"dbo","tbl_class","2","parentid","int","4","10","0","False","False","","","","","","False"
"dbo","tbl_class","3","children","nvarchar","-1","0","0","True","False","Chinese_PRC_CI_AS","","","","","False"
"dbo","tbl_class","4","classname","nvarchar","500","0","0","False","False","Chinese_PRC_CI_AS","","","","","False"
"dbo","tbl_class","5","model","int","4","10","0","False","False","","","","","","False"
"dbo","tbl_class","6","orderid","int","4","10","0","False","False","","","","","","False"
"dbo","tbl_class","7","isurl","int","4","10","0","False","False","","","","","","False"
"dbo","tbl_class","8","classurl","nvarchar","500","0","0","True","False","Chinese_PRC_CI_AS","","","","","False"
"dbo","tbl_class","9","about","nvarchar","-1","0","0","True","False","Chinese_PRC_CI_AS","","","","","False"
"dbo","tbl_class","10","info_","nvarchar","-1","0","0","True","False","Chinese_PRC_CI_AS","","","","","False"
"dbo","tbl_class","11","isshow","int","4","10","0","False","False","","DF_tbl_class_isshow","((0))","","","False"
"dbo","tbl_class","12","adddate","datetime","8","23","3","False","False","","","","","","False"
"dbo","tbl_class","13","isfoot","int","4","10","0","False","False","","","","","","False"
"dbo","tbl_class","14","istop","int","4","10","0","False","False","","DF_tbl_class_istop","((0))","","","False"
"dbo","tbl_class","15","description","nvarchar","-1","0","0","True","False","Chinese_PRC_CI_AS","","","","","False"
"dbo","tbl_class","16","keywords","nvarchar","-1","0","0","True","False","Chinese_PRC_CI_AS","","","","","False"
"dbo","tbl_class","17","upload_pic_m","nvarchar","500","0","0","True","False","Chinese_PRC_CI_AS","","","","","False"
"dbo","tbl_class","18","title","nvarchar","-1","0","0","True","False","Chinese_PRC_CI_AS","","","","","False"
"dbo","tbl_class","19","urlnamebtn","nvarchar","500","0","0","False","False","Chinese_PRC_CI_AS","","","","","False"
"dbo","tbl_class","20","upload_pic_pc","nvarchar","500","0","0","True","False","Chinese_PRC_CI_AS","","","","","False"
"dbo","telcode_list","1","tel","nvarchar","300","0","0","False","False","Chinese_PRC_CI_AS","","","","","False"
"dbo","telcode_list","2","type","int","4","10","0","False","False","","","","","","False"
"dbo","telcode_list","3","code","nvarchar","100","0","0","False","False","Chinese_PRC_CI_AS","","","","","False"
"dbo","telcode_list","4","addtime","datetime","8","23","3","False","False","","","","","","False"
"dbo","telcode_list","5","img_x","int","4","10","0","False","False","","","","","","False"
"dbo","telcode_list","6","img_y","int","4","10","0","False","False","","","","","","False"
"dbo","TopUpType_List","1","id","int","4","10","0","False","False","","","","1","1","True"
"dbo","TopUpType_List","2","money","int","4","10","0","False","False","","","","","","False"
"dbo","TopUpType_List","3","isshow","int","4","10","0","False","False","","","","","","False"
"dbo","user_list","1","id","int","4","10","0","False","False","","","","1","1","True"
"dbo","user_list","2","name","nvarchar","300","0","0","True","False","Chinese_PRC_CI_AS","","","","","False"
"dbo","user_list","3","tel","nvarchar","300","0","0","False","False","Chinese_PRC_CI_AS","","","","","False"
"dbo","user_list","4","addtime","datetime","8","23","3","False","False","","","","","","False"
"dbo","user_list","5","uptime","datetime","8","23","3","True","False","","","","","","False"
"dbo","user_list","6","isshow","int","4","10","0","False","False","","","","","","False"
"dbo","user_list","7","logintime","nvarchar","100","0","0","True","False","Chinese_PRC_CI_AS","","","","","False"
"dbo","user_list","8","loginip","nvarchar","100","0","0","True","False","Chinese_PRC_CI_AS","","","","","False"
"dbo","user_list","9","code","nvarchar","100","0","0","True","False","Chinese_PRC_CI_AS","","","","","False"
"dbo","user_list","10","email","nvarchar","500","0","0","True","False","Chinese_PRC_CI_AS","","","","","False"
"dbo","user_list","11","upload_pic_avatar","nvarchar","500","0","0","True","False","Chinese_PRC_CI_AS","","","","","False"
"dbo","user_login","1","id","int","4","10","0","False","False","","","","1","1","True"
"dbo","user_login","2","username","nvarchar","100","0","0","True","False","Chinese_PRC_CI_AS","","","","","False"
"dbo","user_login","3","time","datetime","8","23","3","True","False","","","","","","False"
"dbo","user_login","4","ip","nvarchar","100","0","0","True","False","Chinese_PRC_CI_AS","","","","","False"
"dbo","user_login","5","password","nvarchar","100","0","0","True","False","Chinese_PRC_CI_AS","","","","","False"
"dbo","user_login","6","type","int","4","10","0","True","False","","","","","","False"
"dbo","user_login","7","content","nvarchar","-1","0","0","True","False","Chinese_PRC_CI_AS","","","","","False"
"dbo","userfile_list","1","userid","int","4","10","0","False","False","","","","","","False"
"dbo","userfile_list","2","addtime","datetime","8","23","3","False","False","","","","","","False"
"dbo","userfile_list","3","up_filename","nvarchar","500","0","0","False","False","Chinese_PRC_CI_AS","","","","","False"
"dbo","userimg_list","1","userid","int","4","10","0","False","False","","","","","","False"
"dbo","userimg_list","2","addtime","datetime","8","23","3","False","False","","","","","","False"
"dbo","userimg_list","3","upload_pic_img","nvarchar","500","0","0","False","False","Chinese_PRC_CI_AS","","","","","False"
"dbo","userpaylog_list","1","user_id","int","4","10","0","False","False","","","","","","False"
"dbo","userpaylog_list","2","out_trade_no","nvarchar","500","0","0","False","False","Chinese_PRC_CI_AS","","","","","False"
"dbo","userpaylog_list","3","add_time","datetime","8","23","3","False","False","","","","","","False"
"dbo","userpaylog_list","4","pay_type","int","4","10","0","False","False","","","","","","False"
"dbo","userpaylog_list","5","pay_status","int","4","10","0","False","False","","","","","","False"
"dbo","userpaylog_list","6","up_time","nvarchar","500","0","0","True","False","Chinese_PRC_CI_AS","","","","","False"
"dbo","userpaylog_list","7","payer_total","decimal","9","18","2","True","False","","","","","","False"
"dbo","userpayloginfo_list","1","id","bigint","8","19","0","False","False","","","","1","1","True"
"dbo","userpayloginfo_list","2","appid","nvarchar","500","0","0","True","False","Chinese_PRC_CI_AS","","","","","False"
"dbo","userpayloginfo_list","3","mchid","nvarchar","500","0","0","True","False","Chinese_PRC_CI_AS","","","","","False"
"dbo","userpayloginfo_list","4","out_trade_no","nvarchar","500","0","0","False","False","Chinese_PRC_CI_AS","","","","","False"
"dbo","userpayloginfo_list","5","transaction_id","nvarchar","500","0","0","False","False","Chinese_PRC_CI_AS","","","","","False"
"dbo","userpayloginfo_list","6","trade_type","nvarchar","100","0","0","True","False","Chinese_PRC_CI_AS","","","","","False"
"dbo","userpayloginfo_list","7","trade_state","nvarchar","100","0","0","True","False","Chinese_PRC_CI_AS","","","","","False"
"dbo","userpayloginfo_list","8","trade_state_desc","nvarchar","700","0","0","True","False","Chinese_PRC_CI_AS","","","","","False"
"dbo","userpayloginfo_list","9","bank_type","nvarchar","100","0","0","True","False","Chinese_PRC_CI_AS","","","","","False"
"dbo","userpayloginfo_list","10","success_time","nvarchar","300","0","0","False","False","Chinese_PRC_CI_AS","","","","","False"
"dbo","userpayloginfo_list","11","payer_total","decimal","9","18","2","True","False","","","","","","False"
"dbo","userpayloginfo_list","12","pay_type","int","4","10","0","False","False","","","","","","False"
"dbo","userpayloginfo_list","13","add_time","datetime","8","23","3","False","False","","","","","","False"
"dbo","userpayloginfo_list","14","user_id","int","4","10","0","False","False","","","","","","False"
"dbo","websiteinfo_list","1","id","int","4","10","0","False","False","","","","","","False"
"dbo","websiteinfo_list","2","companyname","nvarchar","500","0","0","True","False","Chinese_PRC_CI_AS","","","","","False"
"dbo","websiteinfo_list","3","wangzhanbeian","nvarchar","500","0","0","True","False","Chinese_PRC_CI_AS","","","","","False"
"dbo","websiteinfo_list","4","wangzhanbeianurl","nvarchar","500","0","0","True","False","Chinese_PRC_CI_AS","","","","","False"
"dbo","websiteinfo_list","5","gonganbeian","nvarchar","500","0","0","True","False","Chinese_PRC_CI_AS","","","","","False"
"dbo","websiteinfo_list","6","gonganbeianurl","nvarchar","500","0","0","True","False","Chinese_PRC_CI_AS","","","","","False"
"dbo","websiteinfo_list","7","banquan","nvarchar","500","0","0","True","False","Chinese_PRC_CI_AS","","","","","False"
"dbo","websiteinfo_list","8","upload_pic_logotop","nvarchar","100","0","0","True","False","Chinese_PRC_CI_AS","","","","","False"
"dbo","websiteinfo_list","9","upload_pic_favicon","nvarchar","100","0","0","True","False","Chinese_PRC_CI_AS","","","","","False"
"dbo","websiteinfo_list","10","title","nvarchar","1000","0","0","True","False","Chinese_PRC_CI_AS","","","","","False"
"dbo","websiteinfo_list","11","keywords","nvarchar","1000","0","0","True","False","Chinese_PRC_CI_AS","","","","","False"
"dbo","websiteinfo_list","12","description","nvarchar","1000","0","0","True","False","Chinese_PRC_CI_AS","","","","","False"
"dbo","websiteinfo_list","13","emailnum","nvarchar","500","0","0","True","False","Chinese_PRC_CI_AS","","","","","False"
"dbo","websiteinfo_list","14","emailpasswd","nvarchar","500","0","0","True","False","Chinese_PRC_CI_AS","","","","","False"
"dbo","websiteinfo_list","15","email_to","nvarchar","500","0","0","True","False","Chinese_PRC_CI_AS","","","","","False"
"dbo","websiteinfo_list","16","smtpserverport","nvarchar","500","0","0","True","False","Chinese_PRC_CI_AS","","","","","False"
"dbo","websiteinfo_list","17","host","nvarchar","500","0","0","True","False","Chinese_PRC_CI_AS","","","","","False"
"dbo","websiteinfo_list","18","emailname","nvarchar","500","0","0","True","False","Chinese_PRC_CI_AS","","","","","False"
"dbo","websiteinfo_list","19","upload_pic_indexbj","nvarchar","100","0","0","True","False","Chinese_PRC_CI_AS","","","","","False"
"dbo","websiteinfo_list","20","upload_pic_indexbj_m","nvarchar","100","0","0","True","False","Chinese_PRC_CI_AS","","","","","False"
"dbo","websiteinfo_list","21","info_IntegrateWithdrawal","nvarchar","-1","0","0","True","False","Chinese_PRC_CI_AS","","","","","False"
"dbo","websiteinfo_list","22","info_WorkflowInfo","nvarchar","-1","0","0","True","False","Chinese_PRC_CI_AS","","","","","False"
"dbo","websiteinfo_list","23","money_integrate","int","4","10","0","True","False","","","","","","False"
"dbo","websiteinfo_list","24","integrate_donate","int","4","10","0","True","False","","","","","","False"
"dbo","websiteinfo_list","25","integrate_buy","int","4","10","0","True","False","","","","","","False"
"dbo","websiteinfo_list","26","integrate_fare","int","4","10","0","True","False","","","","","","False"
"dbo","websiteinfo_list","27","integrate_allocation","int","4","10","0","True","False","","","","","","False"
"dbo","WorkflowTaskComment_list","1","id","bigint","8","19","0","False","False","","","","1","1","True"
"dbo","WorkflowTaskComment_list","2","userai3dlog_id","bigint","8","19","0","False","False","","","","","","False"
"dbo","WorkflowTaskComment_list","3","user_id","int","4","10","0","False","False","","","","","","False"
"dbo","WorkflowTaskComment_list","4","addtime","datetime","8","23","3","False","False","","","","","","False"
"dbo","WorkflowTaskComment_list","5","info_","nvarchar","-1","0","0","True","False","Chinese_PRC_CI_AS","","","","","False"
"dbo","WorkflowTaskComment_list","6","isshow","int","4","10","0","False","False","","","","","","False"
"dbo","WorkflowTaskComment_list","7","num_dianzan","int","4","10","0","False","False","","","","","","False"
"dbo","WorkflowTaskComment_list","8","reviewtime","nvarchar","100","0","0","True","False","Chinese_PRC_CI_AS","","","","","False"
"dbo","WorkflowTaskComment_list","9","about_","nvarchar","-1","0","0","True","False","Chinese_PRC_CI_AS","","","","","False"
"dbo","WorkflowTaskComment_list","10","num_msg","int","4","10","0","False","False","","","","","","False"
"dbo","WorkflowTaskCommentImage_list","1","Ai3dMsg_Id","bigint","8","19","0","False","False","","","","","","False"
"dbo","WorkflowTaskCommentImage_list","2","upload_pic_info","nvarchar","500","0","0","False","False","Chinese_PRC_CI_AS","","","","","False"
"dbo","WorkflowTaskCommentImage_list","3","addtime","datetime","8","23","3","False","False","","","","","","False"
"dbo","WorkflowTaskCommentImage_list","4","orderid","int","4","10","0","False","False","","","","","","False"
"dbo","WorkflowTaskLog_list","1","id","bigint","8","19","0","False","False","","","","1","1","True"
"dbo","WorkflowTaskLog_list","2","userid","int","4","10","0","False","False","","","","","","False"
"dbo","WorkflowTaskLog_list","3","addtime","datetime","8","23","3","False","False","","","","","","False"
"dbo","WorkflowTaskLog_list","4","jobid","nvarchar","500","0","0","False","False","Chinese_PRC_CI_AS","","","","","False"
"dbo","WorkflowTaskLog_list","5","requestid","nvarchar","500","0","0","True","False","Chinese_PRC_CI_AS","","","","","False"
"dbo","WorkflowTaskLog_list","6","ai_key","nvarchar","1000","0","0","True","False","Chinese_PRC_CI_AS","","","","","False"
"dbo","WorkflowTaskLog_list","7","ai_img","nvarchar","1000","0","0","True","False","Chinese_PRC_CI_AS","","","","","False"
"dbo","WorkflowTaskLog_list","8","type","int","4","10","0","False","False","","","","","","False"
"dbo","WorkflowTaskLog_list","9","img_url","nvarchar","1000","0","0","True","False","Chinese_PRC_CI_AS","","","","","False"
"dbo","WorkflowTaskReaction_list","1","ai3dmsg_id","bigint","8","19","0","False","False","","","","","","False"
"dbo","WorkflowTaskReaction_list","2","user_id","int","4","10","0","False","False","","","","","","False"
"dbo","WorkflowTaskReaction_list","3","addtime","datetime","8","23","3","False","False","","","","","","False"
"dbo","WorkflowTaskReply_list","1","id","bigint","8","19","0","False","False","","","","1","1","True"
"dbo","WorkflowTaskReply_list","2","ai3dmsg_id","bigint","8","19","0","False","False","","","","","","False"
"dbo","WorkflowTaskReply_list","3","user_id","int","4","10","0","False","False","","","","","","False"
"dbo","WorkflowTaskReply_list","4","addtime","datetime","8","23","3","False","False","","","","","","False"
"dbo","WorkflowTaskReply_list","5","info_","nvarchar","-1","0","0","True","False","Chinese_PRC_CI_AS","","","","","False"
"dbo","WorkflowTaskReply_list","6","isshow","int","4","10","0","False","False","","","","","","False"
"dbo","WorkflowTaskReply_list","7","reviewtime","nvarchar","100","0","0","True","False","Chinese_PRC_CI_AS","","","","","False"
"dbo","WorkflowTaskReply_list","8","about_","nvarchar","-1","0","0","True","False","Chinese_PRC_CI_AS","","","","","False"
"dbo","WorkflowTaskReply_list","9","msguser_id","int","4","10","0","False","False","","","","","","False"
"dbo","WorkflowTaskReplyImage_list","1","Ai3DMsgReply_Id","bigint","8","19","0","False","False","","","","","","False"
"dbo","WorkflowTaskReplyImage_list","2","upload_pic_info","nvarchar","500","0","0","False","False","Chinese_PRC_CI_AS","","","","","False"
"dbo","WorkflowTaskReplyImage_list","3","addtime","datetime","8","23","3","False","False","","","","","","False"
"dbo","WorkflowTaskReplyImage_list","4","orderid","int","4","10","0","False","False","","","","","","False"
